"","x"
"1","AAACGCTCAAATTGGA-1"
"2","AAACGCTTCCGTGGCA-1"
"3","AAAGAACTCGTACACA-1"
"4","AAAGGATAGAAACTGT-1"
"5","AAAGGATGTCGCGGTT-1"
"6","AAAGGTAGTTTACCTT-1"
"7","AAAGTGATCGAATCCA-1"
"8","AAAGTGATCTGCAGCG-1"
"9","AAATGGAAGTCACAGG-1"
"10","AACAAAGAGAAACCAT-1"
"11","AACAACCCATCAGTCA-1"
"12","AACAACCGTGATTCTG-1"
"13","AACACACCAAACGAGC-1"
"14","AACAGGGTCGACGTCG-1"
"15","AACCAACCAAATTAGG-1"
"16","AACCACAAGCATGTTC-1"
"17","AACCACATCTCTCGCA-1"
"18","AACCTGACAAAGGGTC-1"
"19","AACCTTTTCAATGTCG-1"
"20","AACGGGAAGTGGAATT-1"
"21","AACGGGAGTATCGATC-1"
"22","AACGTCAAGTCATGCT-1"
"23","AACGTCACAGCAGTGA-1"
"24","AACTTCTTCTGACCCT-1"
"25","AAGACAACACTTCAGA-1"
"26","AAGACAATCAATCGGT-1"
"27","AAGACTCGTGATACCT-1"
"28","AAGATAGTCATTGTGG-1"
"29","AAGATAGTCGAGAATA-1"
"30","AAGCCATAGCTGCGAA-1"
"31","AAGCGAGCATGTTCAG-1"
"32","AAGCGTTGTGTACAGG-1"
"33","AAGGTAACAACTCCAA-1"
"34","AAGGTAATCCATTTCA-1"
"35","AAGTACCCATATACCG-1"
"36","AAGTACCTCTTCTGGC-1"
"37","AAGTTCGCACGGGCTT-1"
"38","AATAGAGTCCATCCGT-1"
"39","AATGAAGGTGTCCGGT-1"
"40","AATGGAATCATGGTAC-1"
"41","AATGGCTAGCTCGACC-1"
"42","AATTTCCAGGAGGGTG-1"
"43","ACAAGCTAGCCTCTCT-1"
"44","ACAAGCTCATACCACA-1"
"45","ACACGCGCACAAATGA-1"
"46","ACAGAAAAGATGCTTC-1"
"47","ACAGCCGAGTTAACGA-1"
"48","ACAGCCGCAAACAGGC-1"
"49","ACAGCCGCAAGAAACT-1"
"50","ACAGCCGCACTTGTGA-1"
"51","ACAGCCGTCGCGTGAC-1"
"52","ACAGGGACACTATCGA-1"
"53","ACAGGGACACTGGCCA-1"
"54","ACAGGGATCGTAGAGG-1"
"55","ACATCCCAGACTAGAT-1"
"56","ACATGCAAGTGCAAAT-1"
"57","ACATGCATCCAGCTCT-1"
"58","ACATTTCAGATAACGT-1"
"59","ACCAACACAGGGAGAG-1"
"60","ACCACAAAGGCTAGCA-1"
"61","ACCATTTAGTAAGAGG-1"
"62","ACCCAAACACTGTCCT-1"
"63","ACCCAAACAGTGGGTA-1"
"64","ACCCAAAGTCCATAGT-1"
"65","ACCCTCATCACATTGG-1"
"66","ACCGTTCCACAAGTTC-1"
"67","ACCTACCCACGAAGAC-1"
"68","ACCTGAACAGCTCCTT-1"
"69","ACCTGAACAGTACTAC-1"
"70","ACGATCACACGACGAA-1"
"71","ACGATGTTCCTTATCA-1"
"72","ACGATGTTCTCCCTAG-1"
"73","ACGGGTCCAACCACAT-1"
"74","ACGGGTCCACAACGAG-1"
"75","ACGGTCGCAAACCACT-1"
"76","ACGGTTAGTACAGTTC-1"
"77","ACGGTTATCCTCTTTC-1"
"78","ACGTAACGTAATGCTC-1"
"79","ACGTACATCGATGCAT-1"
"80","ACGTCCTCAAAGGGTC-1"
"81","ACGTCCTGTTATGGTC-1"
"82","ACGTTCCAGCCTGCCA-1"
"83","ACGTTCCTCGCTAGCG-1"
"84","ACTATCTAGGGACCAT-1"
"85","ACTATCTCACCCTATC-1"
"86","ACTATCTTCCTACGGG-1"
"87","ACTGCAAGTCCATAGT-1"
"88","ACTGTCCCAGACGCTC-1"
"89","ACTTAGGGTGGCGTAA-1"
"90","ACTTCCGGTGAATGAT-1"
"91","ACTTCGCTCGCTAGCG-1"
"92","ACTTTCAAGACGGTCA-1"
"93","ACTTTCAAGCGTTGTT-1"
"94","AGAAATGCAGTAACGG-1"
"95","AGAACAATCCCTCAAC-1"
"96","AGAACCTAGCAACAGC-1"
"97","AGAACCTCAATGAAAC-1"
"98","AGAACCTTCGGCTCTT-1"
"99","AGAAGCGCACCAGCGT-1"
"100","AGAAGCGTCAGGACGA-1"
"101","AGAGAATAGTAGGCCA-1"
"102","AGAGAGCCAGCTCCTT-1"
"103","AGAGCAGGTAAGTAGT-1"
"104","AGAGCCCAGAGATTCA-1"
"105","AGATCCACATCGAACT-1"
"106","AGATGAACATATCGGT-1"
"107","AGATGCTGTGCCTATA-1"
"108","AGATGCTTCGTGGAAG-1"
"109","AGCATCACAGGGACTA-1"
"110","AGCCACGTCGATACTG-1"
"111","AGCGCCAAGAAAGTCT-1"
"112","AGCGCTGTCCATCTGC-1"
"113","AGGAAATCATACACCA-1"
"114","AGGAAATGTGCCTTCT-1"
"115","AGGAAATTCGTTCCCA-1"
"116","AGGACGACAGTGCGCT-1"
"117","AGGACTTTCAGCAATC-1"
"118","AGGATAAAGGTTACAA-1"
"119","AGGCCACAGCGGGTTA-1"
"120","AGGCCACAGTTGCATC-1"
"121","AGGCCACTCCCTGGTT-1"
"122","AGGCTGCGTGAAGCTG-1"
"123","AGGCTGCTCCTGCCAT-1"
"124","AGGGAGTCACCGGCTA-1"
"125","AGGGAGTGTAACATAG-1"
"126","AGGGAGTGTCTCAAGT-1"
"127","AGGGCCTAGGTCACAG-1"
"128","AGGGCCTCAGTCGCAC-1"
"129","AGGGCTCCACATCCCT-1"
"130","AGGGTTTAGGATTCAA-1"
"131","AGGGTTTGTGTGACCC-1"
"132","AGGGTTTTCTGATTCT-1"
"133","AGGTAGGAGGAGGTTC-1"
"134","AGGTCTAAGACCAACG-1"
"135","AGGTTACCAGATCCAT-1"
"136","AGGTTACGTGTGTTTG-1"
"137","AGGTTGTCAAGCTACT-1"
"138","AGGTTGTCATCCTAAG-1"
"139","AGTAACCAGTCCCAAT-1"
"140","AGTAACCGTCCTCAGG-1"
"141","AGTAACCGTTATGTCG-1"
"142","AGTACCAAGTAAAGCT-1"
"143","AGTACTGGTGAGCTCC-1"
"144","AGTAGCTTCGGTAAGG-1"
"145","AGTGCCGCAGAATTCC-1"
"146","AGTGCCGGTTCAAGGG-1"
"147","AGTGTTGGTTTACCTT-1"
"148","AGTGTTGTCAGCTCTC-1"
"149","AGTTCCCAGCTCTATG-1"
"150","AGTTCCCTCTTAGCCC-1"
"151","AGTTCGAAGAATTGCA-1"
"152","AGTTCGAAGTTACGAA-1"
"153","ATACCGAGTGGACCTC-1"
"154","ATACCGAGTTCCTTGC-1"
"155","ATACCGAGTTGCCGAC-1"
"156","ATAGACCCATCGGAGA-1"
"157","ATATCCTAGAGCCATG-1"
"158","ATATCCTGTGTTCCTC-1"
"159","ATATCCTTCCCTCTCC-1"
"160","ATCACAGTCATCTGTT-1"
"161","ATCACGAAGTAAGACT-1"
"162","ATCACGACAGCGCTTG-1"
"163","ATCACGAGTTGAGGAC-1"
"164","ATCAGGTCACAGTATC-1"
"165","ATCAGGTTCATTGCTT-1"
"166","ATCCCTGAGCCTCGTG-1"
"167","ATCCCTGAGGCCTTGC-1"
"168","ATCCGTCAGTAAGACT-1"
"169","ATCGCCTTCGAAGCCC-1"
"170","ATCGGATCAGAGGGTT-1"
"171","ATCGGCGCAGCCGGTT-1"
"172","ATCGGCGGTGTCCCTT-1"
"173","ATCGTAGGTCTTCATT-1"
"174","ATCTCTATCTCGCTTG-1"
"175","ATCTTCATCTGTGCAA-1"
"176","ATGAAAGCACACACGC-1"
"177","ATGAAAGTCATGCAGT-1"
"178","ATGACCATCGTTCCCA-1"
"179","ATGAGGGTCTCATGGA-1"
"180","ATGAGGGTCTGCTGAA-1"
"181","ATGAGTCGTGTAAACA-1"
"182","ATGAGTCTCGCCTATC-1"
"183","ATGATCGGTGCACGCT-1"
"184","ATGCCTCCAATACGCT-1"
"185","ATGCCTCCACGAGGAT-1"
"186","ATGCCTCTCTCGCTCA-1"
"187","ATGCGATCAGGAAGTC-1"
"188","ATGGAGGAGTGATAAC-1"
"189","ATGGATCTCATACAGC-1"
"190","ATGGATCTCTCGTTTA-1"
"191","ATGGGAGAGTGAGTTA-1"
"192","ATGGTTGCATCCAACA-1"
"193","ATGGTTGGTACAGTAA-1"
"194","ATGTCTTAGCCTGTCG-1"
"195","ATTACCTGTGGCCCAT-1"
"196","ATTATCCAGATTAGCA-1"
"197","ATTATCCGTAAGACCG-1"
"198","ATTATCCTCCACTTTA-1"
"199","ATTCAGGTCTTTCAGT-1"
"200","ATTCATCTCCTTTGAT-1"
"201","ATTCCCGCATGTGCCG-1"
"202","ATTCCCGTCGGTAGGA-1"
"203","ATTCCTATCGCCAACG-1"
"204","ATTCCTATCTGATTCT-1"
"205","ATTCGTTAGGACTATA-1"
"206","ATTCTACAGAGATTCA-1"
"207","ATTCTACGTTCGTTCC-1"
"208","ATTCTTGAGGAGATAG-1"
"209","ATTCTTGGTGGTCCGT-1"
"210","ATTGTTCCAGCGCGTT-1"
"211","ATTGTTCGTTCAGGTT-1"
"212","ATTTACCTCGTCCTTG-1"
"213","ATTTCACCACTACACA-1"
"214","ATTTCTGCAGCATCTA-1"
"215","CAACAGTAGGCTAACG-1"
"216","CAACCAACAGAATTCC-1"
"217","CAACCAACATGCTGCG-1"
"218","CAACCTCAGTAACGAT-1"
"219","CAACCTCTCACGATCA-1"
"220","CAACGATTCACCTTGC-1"
"221","CAAGACTCAGTTAGGG-1"
"222","CAAGAGGCATCCCGTT-1"
"223","CAAGCTACACGCGGTT-1"
"224","CAAGCTACATCTCCCA-1"
"225","CAAGCTATCAGGTGTT-1"
"226","CAATACGCAGACAAGC-1"
"227","CAATCGAGTACGATCT-1"
"228","CAATCGAGTATGAAAC-1"
"229","CAATCGATCCTAACAG-1"
"230","CAATTTCGTTCCCACT-1"
"231","CACAGATAGCCGGAAT-1"
"232","CACATGAAGCATTGAA-1"
"233","CACCAAATCCCGAACG-1"
"234","CACGAATAGGCACGAT-1"
"235","CACGAATGTTCGTAAC-1"
"236","CACGGGTGTTCGGACC-1"
"237","CACGTGGAGGACGCAT-1"
"238","CACTGAACACTACTTT-1"
"239","CACTGGGAGCTTAGTC-1"
"240","CACTGTCGTCACCTTC-1"
"241","CAGATCAGTCCAGCGT-1"
"242","CAGATCAGTCTCAAGT-1"
"243","CAGCAATAGCTGTACT-1"
"244","CAGCAATCATACACCA-1"
"245","CAGCAATTCATTCCTA-1"
"246","CAGCAGCGTGATCGTT-1"
"247","CAGCCAGTCCGTGGCA-1"
"248","CAGGTATGTGGCTGAA-1"
"249","CAGGTATTCCGTGGGT-1"
"250","CAGTGCGAGTACTGTC-1"
"251","CAGTGCGGTCGTCAGC-1"
"252","CAGTTAGAGGTAAGTT-1"
"253","CAGTTAGCAATTGAAG-1"
"254","CAGTTAGTCCATCTCG-1"
"255","CAGTTCCAGATTGTGA-1"
"256","CAGTTCCCACACGGTC-1"
"257","CAGTTCCCAGAACGCA-1"
"258","CAGTTCCTCTTCCAGC-1"
"259","CATAAGCTCACTCACC-1"
"260","CATACTTGTGTAGTGG-1"
"261","CATAGACAGACGAAGA-1"
"262","CATAGACGTGGAAATT-1"
"263","CATAGACTCTCTCGCA-1"
"264","CATCAAGCAGGTTCAT-1"
"265","CATCAAGGTACGACTT-1"
"266","CATCAAGGTCACCGCA-1"
"267","CATCCACCACTTACAG-1"
"268","CATCCCAAGTTCGGTT-1"
"269","CATCGTCAGTTCCTGA-1"
"270","CATGAGTCAGGTGTTT-1"
"271","CATGCCTAGGCCCACT-1"
"272","CATGCCTGTTTACTTC-1"
"273","CATGGATGTGCCCTTT-1"
"274","CATTCATGTAAGACCG-1"
"275","CATTTCATCTAGACAC-1"
"276","CCAAGCGTCGAACTCA-1"
"277","CCAATTTCAATAACGA-1"
"278","CCAATTTTCGGAATTC-1"
"279","CCACAAATCGAAGCCC-1"
"280","CCACACTAGGCCTAAG-1"
"281","CCACACTCACGACAAG-1"
"282","CCACACTCATGGCGCT-1"
"283","CCACACTTCAAGCCCG-1"
"284","CCACGAGCATGTGGTT-1"
"285","CCACGTTTCGGCTATA-1"
"286","CCACTTGAGCGAGTAC-1"
"287","CCACTTGCAGTAGTGG-1"
"288","CCACTTGCATCGGTTA-1"
"289","CCATAAGCAAGAGAGA-1"
"290","CCATCACCAGCACAAG-1"
"291","CCCATTGAGACTACCT-1"
"292","CCCTAACAGCGACATG-1"
"293","CCCTAACGTGCTTCAA-1"
"294","CCCTAACTCTCATGGA-1"
"295","CCCTCAACACCCATAA-1"
"296","CCCTCTCAGGCACGAT-1"
"297","CCCTCTCTCCTCGCAT-1"
"298","CCCTGATTCCGAGCTG-1"
"299","CCCTTAGGTCCCTAAA-1"
"300","CCGAACGAGAGTCCGA-1"
"301","CCGAACGAGCGTGTCC-1"
"302","CCGAACGCAGCGTATT-1"
"303","CCGGACACATGACACT-1"
"304","CCGGACAGTATCAGCT-1"
"305","CCGGGTAAGTCTAACC-1"
"306","CCGGTAGAGACCACGA-1"
"307","CCGGTGAGTGAGTCAG-1"
"308","CCGTTCACATGGAAGC-1"
"309","CCTAACCTCCACGGGT-1"
"310","CCTAACCTCTCCTGTG-1"
"311","CCTAAGAGTGGTCCCA-1"
"312","CCTAAGAGTTATCTGG-1"
"313","CCTATCGGTTGTCCCT-1"
"314","CCTCAACTCGCTGTCT-1"
"315","CCTCAGTCAAGATCCT-1"
"316","CCTCAGTCATTCGGGC-1"
"317","CCTCAGTTCATTACCT-1"
"318","CCTCATGAGGTCTTTG-1"
"319","CCTCATGCATCGTCCT-1"
"320","CCTCATGTCTTTGCTA-1"
"321","CCTCCTCCATTGCTGA-1"
"322","CCTCCTCTCGTTTACT-1"
"323","CCTCTAGGTACATACC-1"
"324","CCTCTAGGTTTGGGTT-1"
"325","CCTCTCCAGACTTGTC-1"
"326","CCTGCATGTAACTTCG-1"
"327","CCTGTTGGTGGCACTC-1"
"328","CCTTCAGCAGTATGAA-1"
"329","CCTTGTGAGAAGGTAG-1"
"330","CCTTTGGGTAAGGTCG-1"
"331","CGAAGGAAGACGACTG-1"
"332","CGAATTGGTGGTCTTA-1"
"333","CGACAGCCAAATGAAC-1"
"334","CGAGTGCAGGTCGACA-1"
"335","CGAGTGCAGGTTCAGG-1"
"336","CGCAGGTTCAGTGTCA-1"
"337","CGCATAACATATGGCT-1"
"338","CGCATGGCACCAGCGT-1"
"339","CGCATGGTCGTCTAAG-1"
"340","CGCCATTCAGACCTGC-1"
"341","CGCGTGAAGCAGCCTC-1"
"342","CGCGTGAAGTGCACCC-1"
"343","CGCGTGATCCTTACCG-1"
"344","CGGAGAAAGGAACGTC-1"
"345","CGGGCATAGCAGGCAT-1"
"346","CGGGTGTGTCGTGCCA-1"
"347","CGGGTGTGTGTGCTTA-1"
"348","CGTAAGTAGCATCCCG-1"
"349","CGTAAGTGTAATCAGA-1"
"350","CGTAAGTTCCCTCGTA-1"
"351","CGTAATGAGGGAGGTG-1"
"352","CGTAATGGTCATGGCC-1"
"353","CGTAGTAGTATGGTTC-1"
"354","CGTGTCTTCCGTGGCA-1"
"355","CGTTAGAAGGATTACA-1"
"356","CGTTCTGCATCTCAAG-1"
"357","CTAACTTAGGCGCTCT-1"
"358","CTAACTTTCTTCTAAC-1"
"359","CTAAGTGCACTGCACG-1"
"360","CTAAGTGTCCACAGGC-1"
"361","CTAAGTGTCTATGTGG-1"
"362","CTACCCAAGTCGAAGC-1"
"363","CTACCCAGTATTTCTC-1"
"364","CTACCTGCAATGCAGG-1"
"365","CTACCTGGTCATACCA-1"
"366","CTACGGGTCGACCTAA-1"
"367","CTACTATCAGCCGTTG-1"
"368","CTAGACAGTGATACTC-1"
"369","CTAGACAGTTCGTTCC-1"
"370","CTAGACATCCAAACCA-1"
"371","CTAGGTAGTAGGAGGG-1"
"372","CTATCCGAGGAGAGGC-1"
"373","CTATCCGTCTTAGTTC-1"
"374","CTCAACCCAATCTGCA-1"
"375","CTCAATTCACTCTCGT-1"
"376","CTCACTGCAATCAAGA-1"
"377","CTCAGGGAGGACAACC-1"
"378","CTCAGGGTCTTACTGT-1"
"379","CTCATCGCATCTCAAG-1"
"380","CTCCAACAGGCATGGT-1"
"381","CTCCACAAGTTATGGA-1"
"382","CTCCATGGTCATCTAG-1"
"383","CTCCCAAGTGGATTTC-1"
"384","CTCCCTCTCTCATTTG-1"
"385","CTCCGATAGCGGTAAC-1"
"386","CTCCGATCACATGACT-1"
"387","CTCCTTTGTCTCGGAC-1"
"388","CTCTCGATCGCGGTAC-1"
"389","CTGAGCGGTAAGATTG-1"
"390","CTGATCCAGCCGAACA-1"
"391","CTGATCCCAACGCCCA-1"
"392","CTGCAGGAGAGGATCC-1"
"393","CTGCATCTCCACGGGT-1"
"394","CTGCGAGAGTCTGCGC-1"
"395","CTGGACGAGATTTGCC-1"
"396","CTGGACGAGGCAGCTA-1"
"397","CTGGTCTGTTCAAGTC-1"
"398","CTGTAGAAGAGTGACC-1"
"399","CTGTAGACATAGATGA-1"
"400","CTGTATTGTAATGTGA-1"
"401","CTGTATTGTTGCGAAG-1"
"402","CTGTGAAGTGTCGCTG-1"
"403","CTGTGGGGTACCGCGT-1"
"404","CTTACCGCATATCGGT-1"
"405","CTTCCGAAGAGAGGGC-1"
"406","CTTCCGACAGAGGTTG-1"
"407","CTTCCTTGTAGGTCAG-1"
"408","CTTCCTTGTCGAATTC-1"
"409","CTTCGGTTCTGGCTGG-1"
"410","CTTCTAACAGGGATAC-1"
"411","CTTCTAATCCAGTGTA-1"
"412","CTTGAGACAGGCGTTC-1"
"413","CTTGAGAGTCCTGAAT-1"
"414","CTTGATTGTGAATGAT-1"
"415","CTTTCAACAATTTCTC-1"
"416","GAAACCTCATACAGCT-1"
"417","GAAATGAGTTATTCCT-1"
"418","GAACGTTTCAGGAAGC-1"
"419","GAACTGTGTCAACATC-1"
"420","GAAGAATCACAGAGCA-1"
"421","GAAGAATGTAGAATAC-1"
"422","GAAGCCCTCACCACAA-1"
"423","GAAGGACCATAGGTTC-1"
"424","GAAGGACTCCTGGCTT-1"
"425","GAAGGGTGTTGTTGCA-1"
"426","GAAGTAAAGAGGTCAC-1"
"427","GAATAGACATTGGGAG-1"
"428","GAATCGTAGGGCAACT-1"
"429","GAATCGTAGTCGTTAC-1"
"430","GACAGCCAGCTGAGCA-1"
"431","GACCCTTAGACGACGT-1"
"432","GACCCTTAGCGTCTCG-1"
"433","GACCCTTCAGAGTAAT-1"
"434","GACCCTTGTACACGTT-1"
"435","GACCGTGTCATAGCAC-1"
"436","GACCGTGTCGACTCCT-1"
"437","GACGTTAGTGTAGTGG-1"
"438","GACTATGAGCATGGGT-1"
"439","GACTCAATCTCGGTAA-1"
"440","GACTCTCTCTGCTGAA-1"
"441","GACTCTCTCTTACCAT-1"
"442","GACTGATGTAGAGTTA-1"
"443","GAGAAATAGACTAGAT-1"
"444","GAGAAATAGTGGCGAT-1"
"445","GAGAAATGTGGTTCTA-1"
"446","GAGACTTAGATCGCCC-1"
"447","GAGACTTGTGTTAACC-1"
"448","GAGAGGTAGTCGTTAC-1"
"449","GAGATGGGTGTTGAGG-1"
"450","GAGCCTGGTAGAGGAA-1"
"451","GAGCTGCTCACCGGGT-1"
"452","GAGGCAAAGGGTAATT-1"
"453","GAGGGTAAGACAGCTG-1"
"454","GAGGGTACAGGTTCGC-1"
"455","GAGTCATTCTCTCTTC-1"
"456","GAGTGAGGTAACATCC-1"
"457","GAGTGTTAGCTAGCCC-1"
"458","GAGTGTTCACCCAACG-1"
"459","GAGTTACCAACGGGTA-1"
"460","GAGTTACCAGGTGTGA-1"
"461","GAGTTACTCTAGCAAC-1"
"462","GAGTTGTGTTAATCGC-1"
"463","GAGTTTGGTAGCTAAA-1"
"464","GATAGAAAGATAGGGA-1"
"465","GATCCCTCACAACGTT-1"
"466","GATGAGGGTGTTCCTC-1"
"467","GATGAGGTCGCTGCGA-1"
"468","GATGATCCATGTTTGG-1"
"469","GATTCTTGTGATTCTG-1"
"470","GATTGGTAGACTCAAA-1"
"471","GATTTCTAGGGATCAC-1"
"472","GATTTCTCACTCGATA-1"
"473","GATTTCTGTCATTGCA-1"
"474","GCAACATCACTGCGTG-1"
"475","GCACATAAGGTTAGTA-1"
"476","GCACGGTGTTTGGCTA-1"
"477","GCACGTGCATCCGAGC-1"
"478","GCACTAAAGAGTCCGA-1"
"479","GCAGCTGTCCTTCTAA-1"
"480","GCATCGGAGCTCGCAC-1"
"481","GCATCTCAGTGCAGGT-1"
"482","GCATCTCGTATTGACC-1"
"483","GCATTAGAGAGCCGAT-1"
"484","GCCAGCATCAAGCCAT-1"
"485","GCCAGTGAGGTAGCCA-1"
"486","GCCAGTGGTATCGATC-1"
"487","GCCATGGAGTCTGCAT-1"
"488","GCCATGGGTGACACAG-1"
"489","GCCATTCGTGTGCTTA-1"
"490","GCCCGAACAAGGCGTA-1"
"491","GCCCGAACATAATCCG-1"
"492","GCCCGAAGTTGTCATG-1"
"493","GCCCGAATCCCGTTCA-1"
"494","GCCTGTTCATTGCTTT-1"
"495","GCCTGTTGTTACACAC-1"
"496","GCTCAAACATTAGGAA-1"
"497","GCTGAATGTACAAACA-1"
"498","GCTGAATTCTCTAGGA-1"
"499","GCTGGGTAGCAGTAAT-1"
"500","GCTTCACGTGGATTTC-1"
"501","GCTTCACTCACTAGCA-1"
"502","GCTTGGGAGGCGTCCT-1"
"503","GCTTTCGAGATGTTGA-1"
"504","GGAACCCTCAAACCCA-1"
"505","GGACGTCCAAACCACT-1"
"506","GGACGTCCAGTAGAAT-1"
"507","GGAGGTAGTGCGTCGT-1"
"508","GGAGGTAGTTACACTG-1"
"509","GGATGTTAGGCCCACT-1"
"510","GGCACGTGTGCCTGCA-1"
"511","GGCACGTTCCACACCT-1"
"512","GGCAGTCAGAATCGTA-1"
"513","GGCGTCACACACGTGC-1"
"514","GGCTGTGAGTGCACCC-1"
"515","GGCTTGGCACTGTGTA-1"
"516","GGCTTTCCAGGGTTGA-1"
"517","GGCTTTCGTACCCGCA-1"
"518","GGGACAACATCCGGCA-1"
"519","GGGACAAGTGCCCACA-1"
"520","GGGACTCAGCAGCAGT-1"
"521","GGGACTCCAGTAGAGC-1"
"522","GGGAGTAGTGCGAACA-1"
"523","GGGATCCAGGAGGTTC-1"
"524","GGGCTCAGTGTTCATG-1"
"525","GGGTAGAAGTGGTCAG-1"
"526","GGGTAGACAACCCGCA-1"
"527","GGGTAGATCAGCGCGT-1"
"528","GGGTCTGGTGACTGAG-1"
"529","GGGTGAAAGACCGCCT-1"
"530","GGGTGAAAGCCAAGGT-1"
"531","GGGTGAATCTCTTCAA-1"
"532","GGGTGTCCACAATCTG-1"
"533","GGGTGTCGTCTTAGTG-1"
"534","GGGTTATAGTCTGTAC-1"
"535","GGGTTATTCCTCACCA-1"
"536","GGTAACTCAAAGGTTA-1"
"537","GGTAGAGAGGTCCGAA-1"
"538","GGTAGAGTCTGTCCGT-1"
"539","GGTCACGGTTGGGACA-1"
"540","GGTGAAGGTGAATGTA-1"
"541","GGTGATTTCCACTGGG-1"
"542","GGTGGCTTCCTTGAAG-1"
"543","GGTGTCGAGGTGATCG-1"
"544","GGTGTCGTCGCCTATC-1"
"545","GGTGTTACAAATAGCA-1"
"546","GGTGTTAGTACGGATG-1"
"547","GGTGTTATCTATCACT-1"
"548","GGTTAACGTTTCCCAC-1"
"549","GGTTCTCGTCGTCTCT-1"
"550","GTAACCAGTGTCTTCC-1"
"551","GTAAGTCTCGCTTACC-1"
"552","GTAATGCGTAGCTTAC-1"
"553","GTAATGCGTTTCCATT-1"
"554","GTACAGTTCTACCCAC-1"
"555","GTAGAGGAGATGACCG-1"
"556","GTAGAGGTCGCTGTCT-1"
"557","GTAGGAGTCCACGTGG-1"
"558","GTAGTACGTTCTCCTG-1"
"559","GTATTGGCACGACGCT-1"
"560","GTATTGGCAGCCTACG-1"
"561","GTATTGGGTACGATTC-1"
"562","GTCAAACTCATAAGGA-1"
"563","GTCAAGTAGTGAGGTC-1"
"564","GTCACTCAGAGGCGGA-1"
"565","GTCATGAAGACACACG-1"
"566","GTCATGAAGGAAAGTG-1"
"567","GTCATTTAGATGGTCG-1"
"568","GTCATTTTCCTCTCGA-1"
"569","GTCCACTAGTAAACGT-1"
"570","GTCCCATGTTCTCACC-1"
"571","GTCCTCACACGGGCTT-1"
"572","GTCGCGATCCTCGCAT-1"
"573","GTCGTAATCAGGTAAA-1"
"574","GTCGTTCAGGGAGATA-1"
"575","GTCGTTCGTCCTTAAG-1"
"576","GTCTACCAGCTGCCTG-1"
"577","GTCTACCGTCTTACAG-1"
"578","GTCTAGAGTAGCGTCC-1"
"579","GTCTCACCACTGCGTG-1"
"580","GTCTGTCGTCTTAGTG-1"
"581","GTGCAGCCAACCGATT-1"
"582","GTGCGTGTCTCATTAC-1"
"583","GTGGAAGTCCTTACCG-1"
"584","GTGGGAATCGACATTG-1"
"585","GTGGTTAAGTACTGGG-1"
"586","GTGTGGCTCATGCGGC-1"
"587","GTGTGGCTCCTCCACA-1"
"588","GTGTTCCAGGTTATAG-1"
"589","GTGTTCCAGTAGGTTA-1"
"590","GTTACAGGTACTTCCC-1"
"591","GTTACCCCATACACCA-1"
"592","GTTAGACAGGAATGTT-1"
"593","GTTAGACGTCACCGAC-1"
"594","GTTAGTGAGGTAAGGA-1"
"595","GTTCATTAGTGTCATC-1"
"596","GTTCATTTCTGCTTTA-1"
"597","GTTGAACGTGCATGAG-1"
"598","GTTGCGGCATACCATG-1"
"599","GTTGTAGAGAGCAGCT-1"
"600","GTTGTAGCACTATGTG-1"
"601","GTTGTAGGTCAGTCCG-1"
"602","GTTGTCCAGGCAGGTT-1"
"603","GTTGTCCAGTAGGGTC-1"
"604","GTTGTCCCAAAGCACG-1"
"605","GTTTACTCAACGTTAC-1"
"606","GTTTACTGTTACCCTC-1"
"607","GTTTGGACAGAGACTG-1"
"608","GTTTGGAGTTGATGTC-1"
"609","TAACTTCTCCATGAGT-1"
"610","TAAGCCAGTGATAGAT-1"
"611","TAAGCCATCGCCGAAC-1"
"612","TAAGCCATCTGCGTCT-1"
"613","TAAGCGTCAAACGTGG-1"
"614","TAATTCCGTCGTTTCC-1"
"615","TACAACGCAAATGCTC-1"
"616","TACAACGCACAGCTGC-1"
"617","TACAACGGTGCAATGG-1"
"618","TACACCCGTAGATGTA-1"
"619","TACACCCGTCGTGATT-1"
"620","TACCCACTCTGGACTA-1"
"621","TACCCGTTCTCTGCTG-1"
"622","TACGCTCGTATGCGGA-1"
"623","TACGTCCTCCGCAGTG-1"
"624","TACTGCCCAGTTCTAG-1"
"625","TAGACTGTCAGCACCG-1"
"626","TAGATCGCATGGTACT-1"
"627","TAGCACAAGCCTGTGC-1"
"628","TAGCACACAATATCCG-1"
"629","TAGGTACGTCTTACTT-1"
"630","TAGGTTGCACAGAGAC-1"
"631","TAGTGCATCCATTTGT-1"
"632","TATCCTATCTCGGCTT-1"
"633","TATCGCCCAGCGACAA-1"
"634","TATCTGTGTTAACAGA-1"
"635","TATCTGTTCCTCCACA-1"
"636","TATCTTGAGCTGAGTG-1"
"637","TATCTTGTCACTTGTT-1"
"638","TATTTCGGTAGAGATT-1"
"639","TCAAGCAAGGCACTCC-1"
"640","TCAATCTAGGGATCTG-1"
"641","TCAATTCCAGGTCCGT-1"
"642","TCAATTCTCCGTAATG-1"
"643","TCACAAGCATTGAAAG-1"
"644","TCACACCCACAAAGTA-1"
"645","TCACACCGTTGTGCAT-1"
"646","TCACATTGTTCTCGTC-1"
"647","TCACATTTCCGCGATG-1"
"648","TCACTATGTCAGGCAA-1"
"649","TCACTCGTCCGCTAGG-1"
"650","TCAGCAACACCCAACG-1"
"651","TCAGCCTGTTGGGTAG-1"
"652","TCAGGGCAGGGTTGCA-1"
"653","TCAGGTAAGGGTAGCT-1"
"654","TCAGTCCCAGCTACAT-1"
"655","TCAGTCCTCAGGTAAA-1"
"656","TCAGTGAGTCGACGCT-1"
"657","TCAGTTTTCTGTCAGA-1"
"658","TCATACTAGTGCACAG-1"
"659","TCATACTCAGTGGGTA-1"
"660","TCATATCTCACATCAG-1"
"661","TCATATCTCACGATCA-1"
"662","TCATCCGGTGATCGTT-1"
"663","TCATGAGGTTAAACAG-1"
"664","TCATGCCGTTGAGGAC-1"
"665","TCATGCCTCTTACCAT-1"
"666","TCATGGATCTCAGAAC-1"
"667","TCATTCATCAGCAATC-1"
"668","TCATTGTTCCGAGGCT-1"
"669","TCATTTGAGGGAGAAT-1"
"670","TCATTTGTCTTGGGCG-1"
"671","TCCACCATCGCTGACG-1"
"672","TCCACGTTCACCCTTG-1"
"673","TCCTAATTCAATCAGC-1"
"674","TCCTCCCGTTAAAGTG-1"
"675","TCCTCGATCCACCTGT-1"
"676","TCCTGCAAGAGTCTGG-1"
"677","TCCTGCAGTCCACACG-1"
"678","TCCTGCATCACACCGG-1"
"679","TCCTTCTCAATCAAGA-1"
"680","TCCTTCTTCGTGGCGT-1"
"681","TCGAACAAGCCAAGGT-1"
"682","TCGAAGTCACTGAGGA-1"
"683","TCGATTTAGTTGCCTA-1"
"684","TCGATTTAGTTGGCTT-1"
"685","TCGCACTGTGAAGCTG-1"
"686","TCGCTTGGTCTTTCAT-1"
"687","TCGGGACGTCTCAGAT-1"
"688","TCGGGCATCCTCCACA-1"
"689","TCGGGTGTCGGAACTT-1"
"690","TCGTAGAAGAGCATCG-1"
"691","TCGTCCACACTCCACT-1"
"692","TCGTCCACAGTATACC-1"
"693","TCGTGCTCACAGTGAG-1"
"694","TCGTGCTGTGTTATCG-1"
"695","TCGTGGGCAGGATCTT-1"
"696","TCTACATCACACCTAA-1"
"697","TCTACATCAGATACTC-1"
"698","TCTATACCACCTGCTT-1"
"699","TCTATACCAGGGTCTC-1"
"700","TCTATCATCTGTAAGC-1"
"701","TCTCCGATCATTCACT-1"
"702","TCTCTGGAGTCGCCCA-1"
"703","TCTCTGGGTACTGCGC-1"
"704","TCTCTGGGTCATAACC-1"
"705","TCTCTGGTCTACCAGA-1"
"706","TCTGCCACAACTAGAA-1"
"707","TCTGGCTCAGATACCT-1"
"708","TCTGTCGTCACTTATC-1"
"709","TCTTGCGGTTGGCCGT-1"
"710","TGAATCGAGAAGTCCG-1"
"711","TGAATCGAGGGAGGAC-1"
"712","TGAATCGCAGCGAGTA-1"
"713","TGAATCGCATCCTAAG-1"
"714","TGAATGCGTGAGGAAA-1"
"715","TGACCCTTCACGTAGT-1"
"716","TGACGCGGTCGTGCCA-1"
"717","TGAGACTGTCGGATTT-1"
"718","TGAGACTTCCTAGAGT-1"
"719","TGAGCATAGTCGTTAC-1"
"720","TGAGCGCCACCAGACC-1"
"721","TGAGCGCGTTCGATTG-1"
"722","TGAGCGCTCTTCTTCC-1"
"723","TGAGGTTTCTGGTTGA-1"
"724","TGAGTCACAGGGAATC-1"
"725","TGAGTCAGTTGGGACA-1"
"726","TGATCAGAGTCTCTGA-1"
"727","TGATCAGGTCGATTCA-1"
"728","TGATGGTTCACACCGG-1"
"729","TGATTCTAGAAACCCG-1"
"730","TGATTCTGTTGGGACA-1"
"731","TGATTTCAGAATCCCT-1"
"732","TGCACGGAGCAGGCAT-1"
"733","TGCATCCAGTTGCGAG-1"
"734","TGCATCCCAGCAGTCC-1"
"735","TGCATGAAGTGATAGT-1"
"736","TGCATGACATAATCGC-1"
"737","TGCGATAGTCGTCAGC-1"
"738","TGCGGCACACCAGACC-1"
"739","TGCGGGTAGACTACCT-1"
"740","TGCTCGTAGAAGAGCA-1"
"741","TGCTCGTAGCCTCTGG-1"
"742","TGCTCGTTCAATCGGT-1"
"743","TGCTGAAAGTCGGGAT-1"
"744","TGCTGAAGTGATTGGG-1"
"745","TGCTTCGCAAAGCACG-1"
"746","TGCTTCGCAAGGCGTA-1"
"747","TGCTTCGTCAAGCCGC-1"
"748","TGGATCAAGAATACAC-1"
"749","TGGATCAGTGATTCAC-1"
"750","TGGGAAGCAACACACT-1"
"751","TGGGAGACATTGAGGG-1"
"752","TGGGCGTAGCGCAATG-1"
"753","TGGGCGTGTCTACGTA-1"
"754","TGGGCGTGTGTGTGTT-1"
"755","TGGGCTGGTCGAGATG-1"
"756","TGGTGATAGGTAATCA-1"
"757","TGGTGATCAAAGGAGA-1"
"758","TGGTTAGCAGTATTCG-1"
"759","TGTAACGTCATTATCC-1"
"760","TGTAACGTCCCAGCGA-1"
"761","TGTAAGCTCATTTACC-1"
"762","TGTACAGGTCTGATAC-1"
"763","TGTAGACGTATGCTAC-1"
"764","TGTCCCACAGATACCT-1"
"765","TGTCCCAGTTGTCAGT-1"
"766","TGTCCCATCTTGGTGA-1"
"767","TGTTACTTCTTGGGCG-1"
"768","TGTTCATTCACCCTGT-1"
"769","TGTTCCGCAGAGATGC-1"
"770","TGTTCTAAGCGCTGCT-1"
"771","TGTTCTACAGAGTTGG-1"
"772","TGTTTGTAGGTTGTTC-1"
"773","TGTTTGTTCATGCGGC-1"
"774","TGTTTGTTCATGTCTT-1"
"775","TTAATCCCAGGCACTC-1"
"776","TTACAGGAGTGGACGT-1"
"777","TTACCATGTCAGGCAA-1"
"778","TTACGCCAGGACAGCT-1"
"779","TTACGCCAGTCACTAC-1"
"780","TTACGCCGTCTCAAGT-1"
"781","TTACGCCTCTCTGAGA-1"
"782","TTACGTTAGATCGGTG-1"
"783","TTACTGTGTCATCCGG-1"
"784","TTAGGCACACTAGGCC-1"
"785","TTAGGCATCTGATGGT-1"
"786","TTAGGGTGTACCGGAA-1"
"787","TTATTGCAGCTATCCA-1"
"788","TTATTGCGTACCAATC-1"
"789","TTCAATCAGAACCGCA-1"
"790","TTCAATCCACGTGAGA-1"
"791","TTCACCGGTGAACTAA-1"
"792","TTCAGGAAGAGGCCAT-1"
"793","TTCAGGAAGGCGAACT-1"
"794","TTCAGGAGTATTCCTT-1"
"795","TTCATTGTCCGTCACT-1"
"796","TTCCACGGTTGCCAAT-1"
"797","TTCCGGTTCAGAGTGG-1"
"798","TTCCGGTTCCCACAGG-1"
"799","TTCCGTGAGCAAATGT-1"
"800","TTCCGTGAGTCTTCGA-1"
"801","TTCCTAAGTAATGCGG-1"
"802","TTCCTTCCACAGAGCA-1"
"803","TTCCTTCGTATCACCA-1"
"804","TTCGATTGTAAGCTCT-1"
"805","TTCGCTGCAAGCGAGT-1"
"806","TTCGCTGCACTAACGT-1"
"807","TTCGGTCAGTCACGAG-1"
"808","TTCGGTCGTTGTGTAC-1"
"809","TTCTAACTCACTCACC-1"
"810","TTCTAACTCGGTCTAA-1"
"811","TTCTCTCGTGTGATGG-1"
"812","TTCTTCCGTCATCACA-1"
"813","TTCTTGAAGAGTTGTA-1"
"814","TTCTTGAAGGAGAGTA-1"
"815","TTGACCCAGAAGGATG-1"
"816","TTGAGTGTCCGCTAGG-1"
"817","TTGCCTGTCTCCAATT-1"
"818","TTGCCTGTCTTACCGC-1"
"819","TTGCGTCGTCCCTGAG-1"
"820","TTGCGTCTCGCTGACG-1"
"821","TTGGGATGTTTCGTGA-1"
"822","TTGGGATTCTCTTCAA-1"
"823","TTGGGCGGTTCAAAGA-1"
"824","TTGGGTAAGGGTACGT-1"
"825","TTGGTTTCAACTGCTA-1"
"826","TTGTGGAGTCGAATTC-1"
"827","TTGTTCATCGTAGCCG-1"
"828","TTGTTGTTCGAGAGAC-1"
"829","TTGTTTGTCGAAACAA-1"
"830","TTTACGTGTCTTCAAG-1"
"831","TTTACGTGTGTAAACA-1"
"832","TTTAGTCAGACCGTTT-1"
"833","TTTAGTCAGTAGGAAG-1"
"834","TTTATGCCACGCGCTA-1"
"835","TTTCATGAGTCGAAAT-1"
"836","TTTGACTAGGTGCGAT-1"
"837","TTTGGAGCAGGGACTA-1"
"838","TTTGGTTAGGTCTACT-1"
